@T,table
Created,2018-05-08 13:15
Author,HortonMachine library
@H,timestamp,value_16,value_18,value_19,value_8,value_10,value_11,value_12,value_13
ID,,16,18,19,8,10,11,12,13
Type,Date,Double,Double,Double,Double,Double,Double,Double,Double
Format,yyyy-MM-dd HH:mm,,,,,,,,
,1994-01-01 00:00,0.0,0.0,0.0,0.0,0.0,0.0,0.0,0.0
,1994-01-01 01:00,0.0,0.0,0.0,0.0,0.0,0.0,0.0,0.0
,1994-01-01 02:00,0.0,0.0,0.0,0.0,0.0,0.0,0.0,0.0
,1994-01-01 03:00,0.0,0.0,0.0,0.0,0.0,0.0,0.0,0.0
,1994-01-01 04:00,0.0,0.0,0.0,0.0,0.0,0.0,0.0,0.0
,1994-01-01 05:00,0.0,0.0,0.0,0.0,0.0,0.0,0.0,0.0
,1994-01-01 06:00,0.0,0.0,0.0,0.0,0.0,0.0,0.0,0.0
,1994-01-01 07:00,0.0,0.0,0.0,0.0,0.0,0.0,0.0,0.0
,1994-01-01 08:00,200.3861804884726,186.47429304820653,255.28653614958316,0.0,234.8356074017509,0.0,0.0,0.0
,1994-01-01 09:00,397.59880304220934,347.04450680053844,444.53382249404444,64.34166733159971,451.4271879454876,0.0,0.0,0.0
,1994-01-01 10:00,498.9337324057434,409.1945376867442,489.19259519562485,188.70706662289936,552.0804739542577,0.0,0.0,212.603860532322
,1994-01-01 11:00,518.644306823544,395.0612993439155,439.3718235322453,292.4677979859949,561.8010224074814,0.0,0.0,315.00932986966217
,1994-01-01 12:00,0.0,317.66257828917946,321.63886702371013,351.0191224976515,492.8455619757897,0.0,274.74923123704616,369.30744371376613
,1994-01-01 13:00,0.0,195.09457409260997,0.0,350.7301044729364,362.0826031273826,0.0,312.38725468956454,363.2938522347359
,1994-01-01 14:00,0.0,0.0,0.0,282.5393428041692,0.0,0.0,281.857672411918,289.0765336862549
,1994-01-01 15:00,0.0,0.0,0.0,136.81194121361216,0.0,0.0,0.0,0.0
,1994-01-01 16:00,0.0,0.0,0.0,0.0,0.0,0.0,0.0,0.0
,1994-01-01 17:00,0.0,0.0,0.0,0.0,0.0,0.0,0.0,0.0
,1994-01-01 18:00,0.0,0.0,0.0,0.0,0.0,0.0,0.0,0.0
,1994-01-01 19:00,0.0,0.0,0.0,0.0,0.0,0.0,0.0,0.0
,1994-01-01 20:00,0.0,0.0,0.0,0.0,0.0,0.0,0.0,0.0
,1994-01-01 21:00,0.0,0.0,0.0,0.0,0.0,0.0,0.0,0.0
,1994-01-01 22:00,0.0,0.0,0.0,0.0,0.0,0.0,0.0,0.0
,1994-01-01 23:00,0.0,0.0,0.0,0.0,0.0,0.0,0.0,0.0
,1994-01-02 00:00,0.0,0.0,0.0,0.0,0.0,0.0,0.0,0.0
,1994-01-02 01:00,0.0,0.0,0.0,0.0,0.0,0.0,0.0,0.0
,1994-01-02 02:00,0.0,0.0,0.0,0.0,0.0,0.0,0.0,0.0
,1994-01-02 03:00,0.0,0.0,0.0,0.0,0.0,0.0,0.0,0.0
,1994-01-02 04:00,0.0,0.0,0.0,0.0,0.0,0.0,0.0,0.0
,1994-01-02 05:00,0.0,0.0,0.0,0.0,0.0,0.0,0.0,0.0
,1994-01-02 06:00,0.0,0.0,0.0,0.0,0.0,0.0,0.0,0.0
,1994-01-02 07:00,0.0,0.0,0.0,0.0,0.0,0.0,0.0,0.0
,1994-01-02 08:00,203.0227342696912,189.04315183367663,258.71444186455426,0.0,237.86266153682496,0.0,0.0,0.0
,1994-01-02 09:00,400.41389837692924,349.7114487466412,447.6926502315817,65.42015840328393,454.48589579799216,0.0,0.0,0.0
,1994-01-02 10:00,501.24684283800246,411.35437539850705,491.46654391466893,190.22843583053623,554.4941215679205,0.0,0.0,214.16618498640193
,1994-01-02 11:00,520.0473455393247,396.44691430522295,440.63063404554583,294.08740225350175,563.1663954706826,0.0,0.0,316.42426681954
,1994-01-02 12:00,0.0,319.5753423340354,323.30826740083654,353.03606719588913,495.071845636386,0.0,276.5888656667058,371.343171804142
,1994-01-02 13:00,0.0,196.9521744210005,0.0,353.4762660891497,364.59834356538454,0.0,314.9934840189045,366.1489617056714
,1994-01-02 14:00,0.0,0.0,0.0,285.52193005432684,0.0,0.0,284.70621846359336,292.0344889215538
,1994-01-02 15:00,0.0,0.0,0.0,139.44823862500553,0.0,0.0,0.0,0.0
,1994-01-02 16:00,0.0,0.0,0.0,0.0,0.0,0.0,0.0,0.0
,1994-01-02 17:00,0.0,0.0,0.0,0.0,0.0,0.0,0.0,0.0
,1994-01-02 18:00,0.0,0.0,0.0,0.0,0.0,0.0,0.0,0.0
,1994-01-02 19:00,0.0,0.0,0.0,0.0,0.0,0.0,0.0,0.0
,1994-01-02 20:00,0.0,0.0,0.0,0.0,0.0,0.0,0.0,0.0
,1994-01-02 21:00,0.0,0.0,0.0,0.0,0.0,0.0,0.0,0.0
,1994-01-02 22:00,0.0,0.0,0.0,0.0,0.0,0.0,0.0,0.0
,1994-01-02 23:00,0.0,0.0,0.0,0.0,0.0,0.0,0.0,0.0
,1994-01-03 00:00,0.0,0.0,0.0,0.0,0.0,0.0,0.0,0.0
,1994-01-03 01:00,0.0,0.0,0.0,0.0,0.0,0.0,0.0,0.0
,1994-01-03 02:00,0.0,0.0,0.0,0.0,0.0,0.0,0.0,0.0
,1994-01-03 03:00,0.0,0.0,0.0,0.0,0.0,0.0,0.0,0.0
,1994-01-03 04:00,0.0,0.0,0.0,0.0,0.0,0.0,0.0,0.0
,1994-01-03 05:00,0.0,0.0,0.0,0.0,0.0,0.0,0.0,0.0
,1994-01-03 06:00,0.0,0.0,0.0,0.0,0.0,0.0,0.0,0.0
,1994-01-03 07:00,0.0,0.0,0.0,0.0,0.0,0.0,0.0,0.0
,1994-01-03 08:00,205.8203979008023,191.77293117665866,262.32803980954395,0.0,241.06693367530676,0.0,0.0,0.0
,1994-01-03 09:00,402.78103299596216,352.0061608780343,450.32783188955847,66.51661627642589,457.01538603829016,0.0,0.0,0.0
,1994-01-03 10:00,503.36691135130224,413.3966112254998,493.57333662502845,191.78224741930816,556.6494327053972,0.0,0.0,215.7399834203646
,1994-01-03 11:00,522.1312406253725,398.39079602757255,442.4773928315384,295.88682084930645,565.2353723631768,0.0,188.38071823632055,318.2644029317669
,1994-01-03 12:00,0.0,320.87888614916,324.3815750857064,354.82326149664834,496.2892373784613,0.0,277.9382954393872,372.8836048521599
,1994-01-03 13:00,0.0,198.01566107950168,166.2272421428432,355.00359681084444,365.54456329076913,0.0,316.2739112986724,367.458271784857
,1994-01-03 14:00,0.0,0.0,0.0,287.7292968721972,0.0,0.0,286.50153860250515,293.8730503511002
,1994-01-03 15:00,0.0,0.0,0.0,141.740961033007,0.0,0.0,0.0,0.0
,1994-01-03 16:00,0.0,0.0,0.0,0.0,0.0,0.0,0.0,0.0
,1994-01-03 17:00,0.0,0.0,0.0,0.0,0.0,0.0,0.0,0.0
,1994-01-03 18:00,0.0,0.0,0.0,0.0,0.0,0.0,0.0,0.0
,1994-01-03 19:00,0.0,0.0,0.0,0.0,0.0,0.0,0.0,0.0
,1994-01-03 20:00,0.0,0.0,0.0,0.0,0.0,0.0,0.0,0.0
,1994-01-03 21:00,0.0,0.0,0.0,0.0,0.0,0.0,0.0,0.0
,1994-01-03 22:00,0.0,0.0,0.0,0.0,0.0,0.0,0.0,0.0
,1994-01-03 23:00,0.0,0.0,0.0,0.0,0.0,0.0,0.0,0.0
,1994-01-04 00:00,0.0,0.0,0.0,0.0,0.0,0.0,0.0,0.0
,1994-01-04 01:00,0.0,0.0,0.0,0.0,0.0,0.0,0.0,0.0
,1994-01-04 02:00,0.0,0.0,0.0,0.0,0.0,0.0,0.0,0.0
,1994-01-04 03:00,0.0,0.0,0.0,0.0,0.0,0.0,0.0,0.0
,1994-01-04 04:00,0.0,0.0,0.0,0.0,0.0,0.0,0.0,0.0
,1994-01-04 05:00,0.0,0.0,0.0,0.0,0.0,0.0,0.0,0.0
,1994-01-04 06:00,0.0,0.0,0.0,0.0,0.0,0.0,0.0,0.0
,1994-01-04 07:00,0.0,0.0,0.0,0.0,0.0,0.0,0.0,0.0
,1994-01-04 08:00,207.81249099294774,193.7414959749615,264.7546636673058,0.0,243.30809930397845,0.0,0.0,0.0
,1994-01-04 09:00,403.78622700779556,353.10071644112844,451.20021397737827,67.24923852224812,457.95843008340216,0.0,0.0,0.0
,1994-01-04 10:00,504.73441869641226,414.8151105175115,494.74760610716095,192.69375934372295,557.9444621432679,0.0,0.0,216.77824909501163
,1994-01-04 11:00,524.260429834688,400.37299298005075,444.2299585485191,297.19189063897244,567.3403213156319,0.0,189.92640294804625,319.8411320707909
,1994-01-04 12:00,0.0,323.20332735417804,326.3987168440362,356.6664503339086,499.03716246538613,0.0,280.1753463639743,375.19326100783513
,1994-01-04 13:00,0.0,200.00261801442642,0.0,357.5387409183012,368.1241146041419,0.0,318.9960863124412,370.2983151362304
,1994-01-04 14:00,0.0,0.0,0.0,290.1354968621484,0.0,0.0,289.1849644569051,296.5699326559167
,1994-01-04 15:00,0.0,0.0,0.0,143.93645045929472,0.0,0.0,0.0,0.0
,1994-01-04 16:00,0.0,0.0,0.0,0.0,0.0,0.0,0.0,0.0
,1994-01-04 17:00,0.0,0.0,0.0,0.0,0.0,0.0,0.0,0.0
,1994-01-04 18:00,0.0,0.0,0.0,0.0,0.0,0.0,0.0,0.0
,1994-01-04 19:00,0.0,0.0,0.0,0.0,0.0,0.0,0.0,0.0
,1994-01-04 20:00,0.0,0.0,0.0,0.0,0.0,0.0,0.0,0.0
,1994-01-04 21:00,0.0,0.0,0.0,0.0,0.0,0.0,0.0,0.0
,1994-01-04 22:00,0.0,0.0,0.0,0.0,0.0,0.0,0.0,0.0
,1994-01-04 23:00,0.0,0.0,0.0,0.0,0.0,0.0,0.0,0.0
,1994-01-05 00:00,0.0,0.0,0.0,0.0,0.0,0.0,0.0,0.0
,1994-01-05 01:00,0.0,0.0,0.0,0.0,0.0,0.0,0.0,0.0
,1994-01-05 02:00,0.0,0.0,0.0,0.0,0.0,0.0,0.0,0.0
,1994-01-05 03:00,0.0,0.0,0.0,0.0,0.0,0.0,0.0,0.0
,1994-01-05 04:00,0.0,0.0,0.0,0.0,0.0,0.0,0.0,0.0
,1994-01-05 05:00,0.0,0.0,0.0,0.0,0.0,0.0,0.0,0.0
,1994-01-05 06:00,0.0,0.0,0.0,0.0,0.0,0.0,0.0,0.0
,1994-01-05 07:00,0.0,0.0,0.0,0.0,0.0,0.0,0.0,0.0
,1994-01-05 08:00,211.05056906351678,196.90379053438465,268.90646715108306,0.0,247.00956576797634,0.0,0.0,0.0
,1994-01-05 09:00,406.85804289232516,356.04748679933766,454.59568260749006,68.59394639841194,461.2593206573515,0.0,0.0,0.0
,1994-01-05 10:00,507.27226807201583,417.23662485265726,497.2518007548993,194.6580218153299,560.5540176142115,0.0,0.0,218.64922702732736
,1994-01-05 11:00,526.1500162443629,402.2133477723672,445.90644884430367,299.1984551486474,569.191706294982,0.0,191.49726819281173,321.662130522733
,1994-01-05 12:00,0.0,324.7858835859423,327.70545289060647,358.50670840399266,500.5840595236181,0.0,281.8531306036988,376.9592215571824
,1994-01-05 13:00,0.0,201.27826506047015,0.0,359.0000586389653,369.30918091191114,0.0,320.5759752993829,371.83624276066723
,1994-01-05 14:00,0.0,0.0,0.0,291.82869185749684,0.0,0.0,291.1245333646208,298.36841111440435
,1994-01-05 15:00,0.0,0.0,0.0,146.13448332613532,0.0,0.0,0.0,0.0
,1994-01-05 16:00,0.0,0.0,0.0,0.0,0.0,0.0,0.0,0.0
,1994-01-05 17:00,0.0,0.0,0.0,0.0,0.0,0.0,0.0,0.0
,1994-01-05 18:00,0.0,0.0,0.0,0.0,0.0,0.0,0.0,0.0
,1994-01-05 19:00,0.0,0.0,0.0,0.0,0.0,0.0,0.0,0.0
,1994-01-05 20:00,0.0,0.0,0.0,0.0,0.0,0.0,0.0,0.0
,1994-01-05 21:00,0.0,0.0,0.0,0.0,0.0,0.0,0.0,0.0
,1994-01-05 22:00,0.0,0.0,0.0,0.0,0.0,0.0,0.0,0.0
,1994-01-05 23:00,0.0,0.0,0.0,0.0,0.0,0.0,0.0,0.0
,1994-01-06 00:00,0.0,0.0,0.0,0.0,0.0,0.0,0.0,0.0
,1994-01-06 01:00,0.0,0.0,0.0,0.0,0.0,0.0,0.0,0.0
,1994-01-06 02:00,0.0,0.0,0.0,0.0,0.0,0.0,0.0,0.0
,1994-01-06 03:00,0.0,0.0,0.0,0.0,0.0,0.0,0.0,0.0
,1994-01-06 04:00,0.0,0.0,0.0,0.0,0.0,0.0,0.0,0.0
,1994-01-06 05:00,0.0,0.0,0.0,0.0,0.0,0.0,0.0,0.0
,1994-01-06 06:00,0.0,0.0,0.0,0.0,0.0,0.0,0.0,0.0
,1994-01-06 07:00,0.0,0.0,0.0,0.0,0.0,0.0,0.0,0.0
,1994-01-06 08:00,213.86568299575922,199.6773702601146,272.45218469977954,0.0,250.1965776671559,0.0,0.0,0.0
,1994-01-06 09:00,409.21791350811685,358.3801704144653,457.08260169868487,69.72482540575314,463.7222654914682,0.0,0.0,0.0
,1994-01-06 10:00,510.00233477444976,419.83865473506194,499.8311321747269,196.2459433251817,563.328370519653,0.0,0.0,220.44626119643024
,1994-01-06 11:00,529.4032740693415,405.1326493872395,448.6923076973221,301.3961394562085,572.4711726695041,0.0,193.57067920315424,324.15836272260043
,1994-01-06 12:00,0.0,327.54745470758917,330.1613489449902,361.343795801121,503.8435456270407,0.0,284.48157917209596,379.99688991503604
,1994-01-06 13:00,0.0,203.55518891174188,170.47085959041684,362.3267552939321,372.2300558374172,0.0,323.6599780070961,375.20884384462954
,1994-01-06 14:00,0.0,0.0,0.0,295.05270041038904,0.0,0.0,294.1505158651553,301.5468511017046
,1994-01-06 15:00,0.0,0.0,0.0,149.01233565287333,0.0,0.0,0.0,0.0
,1994-01-06 16:00,0.0,0.0,0.0,0.0,0.0,0.0,0.0,0.0
,1994-01-06 17:00,0.0,0.0,0.0,0.0,0.0,0.0,0.0,0.0
,1994-01-06 18:00,0.0,0.0,0.0,0.0,0.0,0.0,0.0,0.0
,1994-01-06 19:00,0.0,0.0,0.0,0.0,0.0,0.0,0.0,0.0
,1994-01-06 20:00,0.0,0.0,0.0,0.0,0.0,0.0,0.0,0.0
,1994-01-06 21:00,0.0,0.0,0.0,0.0,0.0,0.0,0.0,0.0
,1994-01-06 22:00,0.0,0.0,0.0,0.0,0.0,0.0,0.0,0.0
,1994-01-06 23:00,0.0,0.0,0.0,0.0,0.0,0.0,0.0,0.0
,1994-01-07 00:00,0.0,0.0,0.0,0.0,0.0,0.0,0.0,0.0
,1994-01-07 01:00,0.0,0.0,0.0,0.0,0.0,0.0,0.0,0.0
,1994-01-07 02:00,0.0,0.0,0.0,0.0,0.0,0.0,0.0,0.0
,1994-01-07 03:00,0.0,0.0,0.0,0.0,0.0,0.0,0.0,0.0
,1994-01-07 04:00,0.0,0.0,0.0,0.0,0.0,0.0,0.0,0.0
,1994-01-07 05:00,0.0,0.0,0.0,0.0,0.0,0.0,0.0,0.0
,1994-01-07 06:00,0.0,0.0,0.0,0.0,0.0,0.0,0.0,0.0
,1994-01-07 07:00,0.0,0.0,0.0,0.0,0.0,0.0,0.0,0.0
,1994-01-07 08:00,216.56455992653179,202.35544070224094,275.8624027209477,0.0,253.23806194113024,0.0,0.0,0.0
,1994-01-07 09:00,410.98494152451093,360.21425602862405,458.93685266374644,70.87535714826167,465.50164457576994,0.0,0.0,0.0
,1994-01-07 10:00,511.34842670646674,421.32263919634573,501.08901605631735,197.57388840952893,564.5684977942004,0.0,0.0,221.7871487768945
,1994-01-07 11:00,530.489850060142,406.4157981822532,449.65719031072234,302.6985052628005,573.401812714986,0.0,194.9407557209991,325.46377454152713
,1994-01-07 12:00,476.3974828712176,328.76767204316513,331.0379091357086,362.5976855491148,504.6879986424952,0.0,285.8347510211801,381.2601011626207
,1994-01-07 13:00,0.0,204.77577595721078,171.34113294611922,363.7154520829297,373.14571528712656,0.0,325.0647622967393,376.5727477183001
,1994-01-07 14:00,0.0,0.0,0.0,296.7482543216772,0.0,0.0,295.91138448243896,303.25676322437096
,1994-01-07 15:00,0.0,0.0,0.0,151.21706592394082,0.0,0.0,0.0,0.0
,1994-01-07 16:00,0.0,0.0,0.0,0.0,0.0,0.0,0.0,0.0
,1994-01-07 17:00,0.0,0.0,0.0,0.0,0.0,0.0,0.0,0.0
,1994-01-07 18:00,0.0,0.0,0.0,0.0,0.0,0.0,0.0,0.0
,1994-01-07 19:00,0.0,0.0,0.0,0.0,0.0,0.0,0.0,0.0
,1994-01-07 20:00,0.0,0.0,0.0,0.0,0.0,0.0,0.0,0.0
,1994-01-07 21:00,0.0,0.0,0.0,0.0,0.0,0.0,0.0,0.0
,1994-01-07 22:00,0.0,0.0,0.0,0.0,0.0,0.0,0.0,0.0
,1994-01-07 23:00,0.0,0.0,0.0,0.0,0.0,0.0,0.0,0.0
,1994-01-08 00:00,0.0,0.0,0.0,0.0,0.0,0.0,0.0,0.0
,1994-01-08 01:00,0.0,0.0,0.0,0.0,0.0,0.0,0.0,0.0
,1994-01-08 02:00,0.0,0.0,0.0,0.0,0.0,0.0,0.0,0.0
,1994-01-08 03:00,0.0,0.0,0.0,0.0,0.0,0.0,0.0,0.0
,1994-01-08 04:00,0.0,0.0,0.0,0.0,0.0,0.0,0.0,0.0
,1994-01-08 05:00,0.0,0.0,0.0,0.0,0.0,0.0,0.0,0.0
,1994-01-08 06:00,0.0,0.0,0.0,0.0,0.0,0.0,0.0,0.0
,1994-01-08 07:00,0.0,0.0,0.0,0.0,0.0,0.0,0.0,0.0
,1994-01-08 08:00,219.9326439499251,205.6701552749993,280.12304573152187,0.0,257.0587007551936,0.0,0.0,0.0
,1994-01-08 09:00,413.79289432256945,362.980210045535,461.950682283989,72.24110900796374,468.44908653657006,0.0,0.0,0.0
,1994-01-08 10:00,513.6798704109411,423.64344965801337,503.30740661828423,199.27249893766808,566.8806542629574,0.0,0.0,223.58382644281403
,1994-01-08 11:00,532.365719570472,408.3326338020726,451.28337667707643,304.44179472651535,575.1651748609366,0.0,196.6462514949946,327.2578864822637
,1994-01-08 12:00,477.70088533326043,330.2259078521633,332.1245843734055,364.1133000407495,505.82045635722193,0.0,287.39245772455195,382.7682350992619
,1994-01-08 13:00,0.0,206.0426829542962,172.22403782007225,364.9427407007752,374.054231842937,0.0,326.4709489838454,377.8477713675981
,1994-01-08 14:00,0.0,0.0,0.0,298.13323140638425,0.0,0.0,297.48484933256935,304.7003588397227
,1994-01-08 15:00,0.0,0.0,0.0,153.5748237112644,0.0,0.0,0.0,0.0
,1994-01-08 16:00,0.0,0.0,0.0,0.0,0.0,0.0,0.0,0.0
,1994-01-08 17:00,0.0,0.0,0.0,0.0,0.0,0.0,0.0,0.0
,1994-01-08 18:00,0.0,0.0,0.0,0.0,0.0,0.0,0.0,0.0
,1994-01-08 19:00,0.0,0.0,0.0,0.0,0.0,0.0,0.0,0.0
,1994-01-08 20:00,0.0,0.0,0.0,0.0,0.0,0.0,0.0,0.0
,1994-01-08 21:00,0.0,0.0,0.0,0.0,0.0,0.0,0.0,0.0
,1994-01-08 22:00,0.0,0.0,0.0,0.0,0.0,0.0,0.0,0.0
,1994-01-08 23:00,0.0,0.0,0.0,0.0,0.0,0.0,0.0,0.0
,1994-01-09 00:00,0.0,0.0,0.0,0.0,0.0,0.0,0.0,0.0
,1994-01-09 01:00,0.0,0.0,0.0,0.0,0.0,0.0,0.0,0.0
,1994-01-09 02:00,0.0,0.0,0.0,0.0,0.0,0.0,0.0,0.0
,1994-01-09 03:00,0.0,0.0,0.0,0.0,0.0,0.0,0.0,0.0
,1994-01-09 04:00,0.0,0.0,0.0,0.0,0.0,0.0,0.0,0.0
,1994-01-09 05:00,0.0,0.0,0.0,0.0,0.0,0.0,0.0,0.0
,1994-01-09 06:00,0.0,0.0,0.0,0.0,0.0,0.0,0.0,0.0
,1994-01-09 07:00,0.0,0.0,0.0,0.0,0.0,0.0,0.0,0.0
,1994-01-09 08:00,223.36887512616573,209.0663061188954,284.48588039044415,0.0,260.94517360692464,0.0,0.0,0.0
,1994-01-09 09:00,416.55364637776756,365.7223221930579,464.9072777483177,73.70144422934966,471.3313819259808,0.0,0.0,0.0
,1994-01-09 10:00,516.1145120423905,426.0714753432504,505.63718579676373,201.193244897574,569.2984337786123,0.0,0.0,225.51201205546607
,1994-01-09 11:00,534.6898701211994,410.61440316389286,453.3056816199915,306.59528330037074,577.4177729694862,672.2823813126622,198.59456871814498,329.4063266409248
,1994-01-09 12:00,480.1908371890181,332.52841602081304,334.0405397105452,366.55309760342965,508.2145413621451,0.0,289.72100926239636,385.2218520597658
,1994-01-09 13:00,0.0,208.01808084726096,173.70080287947792,367.54350190865654,376.1884302867599,0.0,328.9920153200033,380.4272437019583
,1994-01-09 14:00,0.0,0.0,0.0,300.81989834882717,0.0,0.0,300.2889574566571,307.43144649704925
,1994-01-09 15:00,0.0,0.0,0.0,156.4351643982258,0.0,0.0,0.0,0.0
,1994-01-09 16:00,0.0,0.0,0.0,0.0,0.0,0.0,0.0,0.0
,1994-01-09 17:00,0.0,0.0,0.0,0.0,0.0,0.0,0.0,0.0
,1994-01-09 18:00,0.0,0.0,0.0,0.0,0.0,0.0,0.0,0.0
,1994-01-09 19:00,0.0,0.0,0.0,0.0,0.0,0.0,0.0,0.0
,1994-01-09 20:00,0.0,0.0,0.0,0.0,0.0,0.0,0.0,0.0
,1994-01-09 21:00,0.0,0.0,0.0,0.0,0.0,0.0,0.0,0.0
,1994-01-09 22:00,0.0,0.0,0.0,0.0,0.0,0.0,0.0,0.0
,1994-01-09 23:00,0.0,0.0,0.0,0.0,0.0,0.0,0.0,0.0
,1994-01-10 00:00,0.0,0.0,0.0,0.0,0.0,0.0,0.0,0.0
,1994-01-10 01:00,0.0,0.0,0.0,0.0,0.0,0.0,0.0,0.0
,1994-01-10 02:00,0.0,0.0,0.0,0.0,0.0,0.0,0.0,0.0
,1994-01-10 03:00,0.0,0.0,0.0,0.0,0.0,0.0,0.0,0.0
,1994-01-10 04:00,0.0,0.0,0.0,0.0,0.0,0.0,0.0,0.0
,1994-01-10 05:00,0.0,0.0,0.0,0.0,0.0,0.0,0.0,0.0
,1994-01-10 06:00,0.0,0.0,0.0,0.0,0.0,0.0,0.0,0.0
,1994-01-10 07:00,0.0,0.0,0.0,0.0,0.0,0.0,0.0,0.0
,1994-01-10 08:00,227.54082344443532,213.1644835727548,289.78254729357315,0.0,265.68718246784186,0.0,0.0,0.0
,1994-01-10 09:00,420.4947872460005,369.52504016999853,469.20430171836193,75.40645705486541,475.5436943130742,0.0,0.0,0.0
,1994-01-10 10:00,519.6580853729185,429.4410270283914,509.05930404178343,203.55700165761814,572.9317519123772,0.0,0.0,227.9631889113976
,1994-01-10 11:00,537.9447088079767,413.6472578266495,456.12381340251835,309.2836252533205,580.6531852016286,0.0,200.95302537514195,332.14861617276466
,1994-01-10 12:00,483.0310530849817,335.10733105609165,336.22691376616416,369.2983318661638,510.9736096297345,0.0,292.33465128385984,388.02040619570994
,1994-01-10 13:00,0.0,210.31523727525487,175.44316818522057,370.5416070027852,378.8348638257391,0.0,332.03716617180066,383.5297293671087
,1994-01-10 14:00,0.0,0.0,0.0,304.09962495230803,0.0,0.0,303.6601040292374,310.7687060038617
,1994-01-10 15:00,0.0,0.0,0.0,159.79730817721563,0.0,0.0,0.0,0.0
,1994-01-10 16:00,0.0,0.0,0.0,0.0,0.0,0.0,0.0,0.0
,1994-01-10 17:00,0.0,0.0,0.0,0.0,0.0,0.0,0.0,0.0
,1994-01-10 18:00,0.0,0.0,0.0,0.0,0.0,0.0,0.0,0.0
,1994-01-10 19:00,0.0,0.0,0.0,0.0,0.0,0.0,0.0,0.0
,1994-01-10 20:00,0.0,0.0,0.0,0.0,0.0,0.0,0.0,0.0
,1994-01-10 21:00,0.0,0.0,0.0,0.0,0.0,0.0,0.0,0.0
,1994-01-10 22:00,0.0,0.0,0.0,0.0,0.0,0.0,0.0,0.0
,1994-01-10 23:00,0.0,0.0,0.0,0.0,0.0,0.0,0.0,0.0
,1994-01-11 00:00,0.0,0.0,0.0,0.0,0.0,0.0,0.0,0.0
,1994-01-11 01:00,0.0,0.0,0.0,0.0,0.0,0.0,0.0,0.0
,1994-01-11 02:00,0.0,0.0,0.0,0.0,0.0,0.0,0.0,0.0
,1994-01-11 03:00,0.0,0.0,0.0,0.0,0.0,0.0,0.0,0.0
,1994-01-11 04:00,0.0,0.0,0.0,0.0,0.0,0.0,0.0,0.0
,1994-01-11 05:00,0.0,0.0,0.0,0.0,0.0,0.0,0.0,0.0
,1994-01-11 06:00,0.0,0.0,0.0,0.0,0.0,0.0,0.0,0.0
,1994-01-11 07:00,0.0,0.0,0.0,0.0,0.0,0.0,0.0,0.0
,1994-01-11 08:00,231.2962428636302,216.8795881969756,294.46903402616516,0.0,269.91799301759966,0.0,0.0,0.0
,1994-01-11 09:00,423.7534257732718,372.73686897342793,472.60672260869126,76.99734239910366,478.94414044494,0.0,0.0,0.0
,1994-01-11 10:00,523.3193099207294,432.92574362760604,512.5096091080435,205.8843332660444,576.6615488366768,0.0,0.0,230.40722794861108
,1994-01-11 11:00,542.0194027431717,417.33238673050687,459.605034767771,312.3416208929163,584.7611010171299,0.0,203.6665105842885,335.35141610669416
,1994-01-11 12:00,487.1875284309889,338.6443064507683,339.3458877197337,373.0499521751545,515.0957660190633,0.0,295.76980486727194,391.89195923886945
,1994-01-11 13:00,0.0,213.15042629031586,177.6309602239108,374.65449683575866,382.33291548208257,0.0,335.85620062241264,387.63385748512695
,1994-01-11 14:00,0.0,0.0,0.0,308.13752906620135,0.0,0.0,307.5748486463954,314.72028241425585
,1994-01-11 15:00,0.0,0.0,0.0,163.52143307259323,0.0,0.0,0.0,0.0
,1994-01-11 16:00,0.0,0.0,0.0,0.0,0.0,0.0,0.0,0.0
,1994-01-11 17:00,0.0,0.0,0.0,0.0,0.0,0.0,0.0,0.0
,1994-01-11 18:00,0.0,0.0,0.0,0.0,0.0,0.0,0.0,0.0
,1994-01-11 19:00,0.0,0.0,0.0,0.0,0.0,0.0,0.0,0.0
,1994-01-11 20:00,0.0,0.0,0.0,0.0,0.0,0.0,0.0,0.0
,1994-01-11 21:00,0.0,0.0,0.0,0.0,0.0,0.0,0.0,0.0
,1994-01-11 22:00,0.0,0.0,0.0,0.0,0.0,0.0,0.0,0.0
,1994-01-11 23:00,0.0,0.0,0.0,0.0,0.0,0.0,0.0,0.0
,1994-01-12 00:00,0.0,0.0,0.0,0.0,0.0,0.0,0.0,0.0
,1994-01-12 01:00,0.0,0.0,0.0,0.0,0.0,0.0,0.0,0.0
,1994-01-12 02:00,0.0,0.0,0.0,0.0,0.0,0.0,0.0,0.0
,1994-01-12 03:00,0.0,0.0,0.0,0.0,0.0,0.0,0.0,0.0
,1994-01-12 04:00,0.0,0.0,0.0,0.0,0.0,0.0,0.0,0.0
,1994-01-12 05:00,0.0,0.0,0.0,0.0,0.0,0.0,0.0,0.0
,1994-01-12 06:00,0.0,0.0,0.0,0.0,0.0,0.0,0.0,0.0
,1994-01-12 07:00,0.0,0.0,0.0,0.0,0.0,0.0,0.0,0.0
,1994-01-12 08:00,235.6251521207542,221.16297735262472,300.0002005348783,0.0,274.814554088485,0.0,0.0,0.0
,1994-01-12 09:00,427.4242846250036,376.35644001819014,476.6491728117792,78.81962606260635,482.8104384231041,0.0,0.0,0.0
,1994-01-12 10:00,525.7246369203613,435.4134400564344,514.8712341118406,208.01547224498728,579.0031276587856,0.0,0.0,232.55287918321758
,1994-01-12 11:00,543.0834029780694,418.74270360719066,460.6164353797918,314.21929695678824,585.5912908395163,0.0,205.3341623952845,336.99023559757427
,1994-01-12 12:00,487.82988710096134,339.77092771867444,340.04968213379664,374.53083150823073,515.4795776703609,0.0,297.1310650605495,393.15075100626837
,1994-01-12 13:00,0.0,214.44712965769145,178.5223706026139,376.04053862894665,383.00457660751465,0.0,337.2273884359309,388.91091636066733
,1994-01-12 14:00,0.0,0.0,0.0,310.28037803409,0.0,0.0,309.4235121316069,316.56736070213566
,1994-01-12 15:00,0.0,0.0,0.0,166.5389793305847,0.0,0.0,0.0,0.0
,1994-01-12 16:00,0.0,0.0,0.0,0.0,0.0,0.0,0.0,0.0
,1994-01-12 17:00,0.0,0.0,0.0,0.0,0.0,0.0,0.0,0.0
,1994-01-12 18:00,0.0,0.0,0.0,0.0,0.0,0.0,0.0,0.0
,1994-01-12 19:00,0.0,0.0,0.0,0.0,0.0,0.0,0.0,0.0
,1994-01-12 20:00,0.0,0.0,0.0,0.0,0.0,0.0,0.0,0.0
,1994-01-12 21:00,0.0,0.0,0.0,0.0,0.0,0.0,0.0,0.0
,1994-01-12 22:00,0.0,0.0,0.0,0.0,0.0,0.0,0.0,0.0
,1994-01-12 23:00,0.0,0.0,0.0,0.0,0.0,0.0,0.0,0.0
,1994-01-13 00:00,0.0,0.0,0.0,0.0,0.0,0.0,0.0,0.0
,1994-01-13 01:00,0.0,0.0,0.0,0.0,0.0,0.0,0.0,0.0
,1994-01-13 02:00,0.0,0.0,0.0,0.0,0.0,0.0,0.0,0.0
,1994-01-13 03:00,0.0,0.0,0.0,0.0,0.0,0.0,0.0,0.0
,1994-01-13 04:00,0.0,0.0,0.0,0.0,0.0,0.0,0.0,0.0
,1994-01-13 05:00,0.0,0.0,0.0,0.0,0.0,0.0,0.0,0.0
,1994-01-13 06:00,0.0,0.0,0.0,0.0,0.0,0.0,0.0,0.0
,1994-01-13 07:00,0.0,0.0,0.0,0.0,0.0,0.0,0.0,0.0
,1994-01-13 08:00,239.82947488601656,225.33648998223904,305.3138806947562,0.0,279.54997721275095,0.0,0.0,0.0
,1994-01-13 09:00,430.874446825443,379.7884398069953,480.3669695109834,80.66850623941937,486.40993964044526,0.0,0.0,0.0
,1994-01-13 10:00,528.8937396139905,438.5450514763893,517.9109087537511,210.52761197382483,582.1720558816512,0.0,0.0,235.01511767760513
,1994-01-13 11:00,546.4068535607021,421.9067927065125,463.4830004373202,317.0530940930946,588.8577715241144,0.0,207.89276043026027,339.869467107634
,1994-01-13 12:00,491.0927777323268,342.7446453903084,342.54042273770534,377.468966127891,518.6278868512603,0.0,300.10969983583817,396.2695241290491
,1994-01-13 13:00,0.0,217.01524713111894,180.44290476358432,379.29422482978714,385.8571686270108,0.0,340.5412769376963,392.2312902744467
,1994-01-13 14:00,0.0,0.0,0.0,313.4427220497661,0.0,0.0,312.96820763751987,319.9562070267394
,1994-01-13 15:00,0.0,0.0,0.0,169.98315125367242,0.0,0.0,0.0,0.0
,1994-01-13 16:00,0.0,0.0,0.0,0.0,0.0,0.0,0.0,0.0
,1994-01-13 17:00,0.0,0.0,0.0,0.0,0.0,0.0,0.0,0.0
,1994-01-13 18:00,0.0,0.0,0.0,0.0,0.0,0.0,0.0,0.0
,1994-01-13 19:00,0.0,0.0,0.0,0.0,0.0,0.0,0.0,0.0
,1994-01-13 20:00,0.0,0.0,0.0,0.0,0.0,0.0,0.0,0.0
,1994-01-13 21:00,0.0,0.0,0.0,0.0,0.0,0.0,0.0,0.0
,1994-01-13 22:00,0.0,0.0,0.0,0.0,0.0,0.0,0.0,0.0
,1994-01-13 23:00,0.0,0.0,0.0,0.0,0.0,0.0,0.0,0.0
,1994-01-14 00:00,0.0,0.0,0.0,0.0,0.0,0.0,0.0,0.0
,1994-01-14 01:00,0.0,0.0,0.0,0.0,0.0,0.0,0.0,0.0
,1994-01-14 02:00,0.0,0.0,0.0,0.0,0.0,0.0,0.0,0.0
,1994-01-14 03:00,0.0,0.0,0.0,0.0,0.0,0.0,0.0,0.0
,1994-01-14 04:00,0.0,0.0,0.0,0.0,0.0,0.0,0.0,0.0
,1994-01-14 05:00,0.0,0.0,0.0,0.0,0.0,0.0,0.0,0.0
,1994-01-14 06:00,0.0,0.0,0.0,0.0,0.0,0.0,0.0,0.0
,1994-01-14 07:00,0.0,0.0,0.0,0.0,0.0,0.0,0.0,0.0
,1994-01-14 08:00,244.36381782451124,229.82448529652592,310.9944086769478,0.0,284.6664456688059,0.0,0.0,0.0
,1994-01-14 09:00,435.1154125117951,383.9148605878063,484.8668889613365,82.61820744879059,490.9062026626415,0.0,0.0,0.0
,1994-01-14 10:00,533.7320426775375,443.0746910880428,522.516192290438,213.3413124330455,587.1688331737673,0.0,0.0,238.11455190728873
,1994-01-14 11:00,551.5755216690543,426.5225386616986,467.8995260680541,320.7129412773751,594.1096393694354,0.0,211.23414434705396,343.8259118516185
,1994-01-14 12:00,496.0747163596105,346.9528411141759,346.26217234864777,382.0791712625339,523.5973729015885,0.0,304.2306760717801,400.88011920528913
,1994-01-14 13:00,0.0,220.41255966261684,183.07921268489048,384.3173239232607,390.11599750732654,0.0,345.1728140168763,397.226296347333
,1994-01-14 14:00,0.0,72.17097339088386,0.0,318.22999993232577,0.0,0.0,317.7341600290758,324.78038140110004
,1994-01-14 15:00,0.0,0.0,0.0,174.46737177818437,0.0,0.0,0.0,0.0
,1994-01-14 16:00,0.0,0.0,0.0,0.0,0.0,0.0,0.0,0.0
,1994-01-14 17:00,0.0,0.0,0.0,0.0,0.0,0.0,0.0,0.0
,1994-01-14 18:00,0.0,0.0,0.0,0.0,0.0,0.0,0.0,0.0
,1994-01-14 19:00,0.0,0.0,0.0,0.0,0.0,0.0,0.0,0.0
,1994-01-14 20:00,0.0,0.0,0.0,0.0,0.0,0.0,0.0,0.0
,1994-01-14 21:00,0.0,0.0,0.0,0.0,0.0,0.0,0.0,0.0
,1994-01-14 22:00,0.0,0.0,0.0,0.0,0.0,0.0,0.0,0.0
,1994-01-14 23:00,0.0,0.0,0.0,0.0,0.0,0.0,0.0,0.0
,1994-01-15 00:00,0.0,0.0,0.0,0.0,0.0,0.0,0.0,0.0
,1994-01-15 01:00,0.0,0.0,0.0,0.0,0.0,0.0,0.0,0.0
,1994-01-15 02:00,0.0,0.0,0.0,0.0,0.0,0.0,0.0,0.0
,1994-01-15 03:00,0.0,0.0,0.0,0.0,0.0,0.0,0.0,0.0
,1994-01-15 04:00,0.0,0.0,0.0,0.0,0.0,0.0,0.0,0.0
,1994-01-15 05:00,0.0,0.0,0.0,0.0,0.0,0.0,0.0,0.0
,1994-01-15 06:00,0.0,0.0,0.0,0.0,0.0,0.0,0.0,0.0
,1994-01-15 07:00,0.0,0.0,0.0,0.0,0.0,0.0,0.0,0.0
,1994-01-15 08:00,249.14565327809586,234.5770129978466,316.9987362217558,0.0,290.0325500692604,0.0,0.0,0.0
,1994-01-15 09:00,439.4928594701373,388.2076085688428,489.54899868913793,84.7155028402064,495.5029036359843,0.0,0.0,0.0
,1994-01-15 10:00,538.0282360105788,447.19537287956246,526.6207091326652,216.2577119265334,591.5269523264872,0.0,0.0,241.1195630689541
,1994-01-15 11:00,555.7010262070479,430.37202542114005,471.4643147160523,324.095558988047,598.1995974138174,0.0,0.0,347.3083329826789
,1994-01-15 12:00,499.545139068364,350.1510536676524,348.9577245232727,385.44215447737787,526.9264349516063,0.0,307.4291817692756,404.364883933473
,1994-01-15 13:00,0.0,222.8786831749233,184.90131311991163,387.20337245959223,392.61561031837584,0.0,348.25515575038224,400.27941764945825
,1994-01-15 14:00,0.0,74.02956037448484,0.0,321.2335296349591,0.0,0.0,321.01164078724486,327.8457714919123
,1994-01-15 15:00,0.0,0.0,0.0,178.28882546313167,0.0,0.0,0.0,0.0
,1994-01-15 16:00,0.0,0.0,0.0,0.0,0.0,0.0,0.0,0.0
,1994-01-15 17:00,0.0,0.0,0.0,0.0,0.0,0.0,0.0,0.0
,1994-01-15 18:00,0.0,0.0,0.0,0.0,0.0,0.0,0.0,0.0
,1994-01-15 19:00,0.0,0.0,0.0,0.0,0.0,0.0,0.0,0.0
,1994-01-15 20:00,0.0,0.0,0.0,0.0,0.0,0.0,0.0,0.0
,1994-01-15 21:00,0.0,0.0,0.0,0.0,0.0,0.0,0.0,0.0
,1994-01-15 22:00,0.0,0.0,0.0,0.0,0.0,0.0,0.0,0.0
,1994-01-15 23:00,0.0,0.0,0.0,0.0,0.0,0.0,0.0,0.0
,1994-01-16 00:00,0.0,0.0,0.0,0.0,0.0,0.0,0.0,0.0
,1994-01-16 01:00,0.0,0.0,0.0,0.0,0.0,0.0,0.0,0.0
,1994-01-16 02:00,0.0,0.0,0.0,0.0,0.0,0.0,0.0,0.0
,1994-01-16 03:00,0.0,0.0,0.0,0.0,0.0,0.0,0.0,0.0
,1994-01-16 04:00,0.0,0.0,0.0,0.0,0.0,0.0,0.0,0.0
,1994-01-16 05:00,0.0,0.0,0.0,0.0,0.0,0.0,0.0,0.0
,1994-01-16 06:00,0.0,0.0,0.0,0.0,0.0,0.0,0.0,0.0
,1994-01-16 07:00,0.0,0.0,0.0,0.0,0.0,0.0,0.0,0.0
,1994-01-16 08:00,254.5987983827029,239.98036378784798,323.9162923516631,0.0,296.1849504702468,0.0,0.0,0.0
,1994-01-16 09:00,444.62720896891005,393.19889829531013,495.17730919827267,87.0682980258734,500.9599976330199,0.0,0.0,0.0
,1994-01-16 10:00,542.6249057285471,451.6038703914826,531.1225660941998,219.491055447684,596.2167457003249,0.0,0.0,244.44451436225404
,1994-01-16 11:00,559.6457070896703,434.1241866332944,474.9636072871264,327.67393710994304,602.0869210296428,0.0,0.0,350.906450896499
,1994-01-16 12:00,503.52687847333334,353.7357733904619,352.04914470546305,389.440580227239,530.8074698297988,0.0,311.0430633701042,408.3967938393873
,1994-01-16 13:00,0.0,225.86159618619925,187.17712115424928,391.3580357245287,395.96795797643557,0.0,352.1599620555915,404.44833602559817
,1994-01-16 14:00,0.0,0.0,0.0,325.50963755372555,0.0,0.0,325.28487960604525,332.175145286691
,1994-01-16 15:00,0.0,0.0,0.0,182.33963272860117,0.0,0.0,0.0,0.0
,1994-01-16 16:00,0.0,0.0,0.0,0.0,0.0,0.0,0.0,0.0
,1994-01-16 17:00,0.0,0.0,0.0,0.0,0.0,0.0,0.0,0.0
,1994-01-16 18:00,0.0,0.0,0.0,0.0,0.0,0.0,0.0,0.0
,1994-01-16 19:00,0.0,0.0,0.0,0.0,0.0,0.0,0.0,0.0
,1994-01-16 20:00,0.0,0.0,0.0,0.0,0.0,0.0,0.0,0.0
,1994-01-16 21:00,0.0,0.0,0.0,0.0,0.0,0.0,0.0,0.0
,1994-01-16 22:00,0.0,0.0,0.0,0.0,0.0,0.0,0.0,0.0
,1994-01-16 23:00,0.0,0.0,0.0,0.0,0.0,0.0,0.0,0.0
,1994-01-17 00:00,0.0,0.0,0.0,0.0,0.0,0.0,0.0,0.0
,1994-01-17 01:00,0.0,0.0,0.0,0.0,0.0,0.0,0.0,0.0
,1994-01-17 02:00,0.0,0.0,0.0,0.0,0.0,0.0,0.0,0.0
,1994-01-17 03:00,0.0,0.0,0.0,0.0,0.0,0.0,0.0,0.0
,1994-01-17 04:00,0.0,0.0,0.0,0.0,0.0,0.0,0.0,0.0
,1994-01-17 05:00,0.0,0.0,0.0,0.0,0.0,0.0,0.0,0.0
,1994-01-17 06:00,0.0,0.0,0.0,0.0,0.0,0.0,0.0,0.0
,1994-01-17 07:00,0.0,0.0,0.0,0.0,0.0,0.0,0.0,0.0
,1994-01-17 08:00,259.7431846931741,245.1036847335811,330.3764295527738,0.0,301.9548013360245,0.0,0.0,0.0
,1994-01-17 09:00,449.14558262062303,397.6524169978696,500.0021775095401,89.31318399039614,505.6948780162246,0.0,0.0,0.0
,1994-01-17 10:00,547.0724778847851,455.8933968185566,535.3575241926449,222.56632547667053,600.7205504323011,0.0,0.0,247.60936685543535
,1994-01-17 11:00,564.1971957960998,438.35008280902673,478.8620993182369,331.39434854245565,606.6195914197751,701.5244164607908,220.5025426228935,354.6742532517985
,1994-01-17 12:00,507.8586771400421,357.5999683722777,355.35988960371054,393.5718968696407,535.0297106657604,0.0,314.8831854318212,412.60580223409744
,1994-01-17 13:00,0.0,229.30033317234646,189.79801677097274,396.0415237819332,400.0184197358528,0.0,356.7012592265975,409.2015620151172
,1994-01-17 14:00,0.0,78.4820396118331,0.0,330.20661112756255,0.0,0.0,330.0456178822833,336.9182742615059
,1994-01-17 15:00,0.0,0.0,0.0,186.98387640390624,0.0,0.0,0.0,0.0
,1994-01-17 16:00,0.0,0.0,0.0,0.0,0.0,0.0,0.0,0.0
,1994-01-17 17:00,0.0,0.0,0.0,0.0,0.0,0.0,0.0,0.0
,1994-01-17 18:00,0.0,0.0,0.0,0.0,0.0,0.0,0.0,0.0
,1994-01-17 19:00,0.0,0.0,0.0,0.0,0.0,0.0,0.0,0.0
,1994-01-17 20:00,0.0,0.0,0.0,0.0,0.0,0.0,0.0,0.0
,1994-01-17 21:00,0.0,0.0,0.0,0.0,0.0,0.0,0.0,0.0
,1994-01-17 22:00,0.0,0.0,0.0,0.0,0.0,0.0,0.0,0.0
,1994-01-17 23:00,0.0,0.0,0.0,0.0,0.0,0.0,0.0,0.0
,1994-01-18 00:00,0.0,0.0,0.0,0.0,0.0,0.0,0.0,0.0
,1994-01-18 01:00,0.0,0.0,0.0,0.0,0.0,0.0,0.0,0.0
,1994-01-18 02:00,0.0,0.0,0.0,0.0,0.0,0.0,0.0,0.0
,1994-01-18 03:00,0.0,0.0,0.0,0.0,0.0,0.0,0.0,0.0
,1994-01-18 04:00,0.0,0.0,0.0,0.0,0.0,0.0,0.0,0.0
,1994-01-18 05:00,0.0,0.0,0.0,0.0,0.0,0.0,0.0,0.0
,1994-01-18 06:00,0.0,0.0,0.0,0.0,0.0,0.0,0.0,0.0
,1994-01-18 07:00,0.0,0.0,0.0,0.0,0.0,0.0,0.0,0.0
,1994-01-18 08:00,264.4469960756371,249.82288467314953,336.2053246828112,0.0,307.1873033527318,0.0,0.0,0.0
,1994-01-18 09:00,453.40360565835954,401.8928461451384,504.51693139655015,91.56163666657864,510.12287639971885,0.0,0.0,0.0
,1994-01-18 10:00,551.1777283133762,459.92094015091965,539.2809849544901,225.52946880010887,604.8452187496603,0.0,0.0,250.6946974022816
,1994-01-18 11:00,567.5062672634858,441.64625942311864,481.7141907774082,334.4730584284419,609.7821188133821,704.4711840462493,223.35418863590735,357.7312076204559
,1994-01-18 12:00,510.57993523779015,360.3539572372719,357.51486569081726,396.38879751938265,537.5335056474337,0.0,317.7621026247591,415.433660008541
,1994-01-18 13:00,0.0,231.7789327668447,191.59591627554212,398.93703011570295,402.3213921044421,0.0,359.70998917740985,412.0940246746211
,1994-01-18 14:00,0.0,80.55714008021621,0.0,333.68577992162545,0.0,0.0,333.5831928765953,340.3133427316345
,1994-01-18 15:00,0.0,0.0,0.0,191.32498779218167,0.0,0.0,0.0,0.0
,1994-01-18 16:00,0.0,0.0,0.0,0.0,0.0,0.0,0.0,0.0
,1994-01-18 17:00,0.0,0.0,0.0,0.0,0.0,0.0,0.0,0.0
,1994-01-18 18:00,0.0,0.0,0.0,0.0,0.0,0.0,0.0,0.0
,1994-01-18 19:00,0.0,0.0,0.0,0.0,0.0,0.0,0.0,0.0
,1994-01-18 20:00,0.0,0.0,0.0,0.0,0.0,0.0,0.0,0.0
,1994-01-18 21:00,0.0,0.0,0.0,0.0,0.0,0.0,0.0,0.0
,1994-01-18 22:00,0.0,0.0,0.0,0.0,0.0,0.0,0.0,0.0
,1994-01-18 23:00,0.0,0.0,0.0,0.0,0.0,0.0,0.0,0.0
,1994-01-19 00:00,0.0,0.0,0.0,0.0,0.0,0.0,0.0,0.0
,1994-01-19 01:00,0.0,0.0,0.0,0.0,0.0,0.0,0.0,0.0
,1994-01-19 02:00,0.0,0.0,0.0,0.0,0.0,0.0,0.0,0.0
,1994-01-19 03:00,0.0,0.0,0.0,0.0,0.0,0.0,0.0,0.0
,1994-01-19 04:00,0.0,0.0,0.0,0.0,0.0,0.0,0.0,0.0
,1994-01-19 05:00,0.0,0.0,0.0,0.0,0.0,0.0,0.0,0.0
,1994-01-19 06:00,0.0,0.0,0.0,0.0,0.0,0.0,0.0,0.0
,1994-01-19 07:00,95.26947357137912,99.00598964908568,0.0,0.0,134.38176990526213,0.0,0.0,0.0
,1994-01-19 08:00,270.59747990595287,255.94031271368524,343.9834649769906,0.0,314.09873367898024,0.0,0.0,0.0
,1994-01-19 09:00,458.9120104215025,407.2856576710457,510.52555305329037,94.18084915850085,515.937765355865,0.0,0.0,0.0
,1994-01-19 10:00,555.9818906197492,464.57647550457216,543.9448678392375,229.0249233527275,609.7067894514419,0.0,0.0,254.23943780625422
,1994-01-19 11:00,571.8080507804364,445.7694313763868,485.56008004897984,338.46204793245136,614.0051669997887,708.688970239075,226.70199897682426,361.74682157248265
,1994-01-19 12:00,514.5580044966608,364.04742514778707,360.66951042447045,400.7509409571074,541.3537390204934,0.0,321.50848951913855,419.6879303762374
,1994-01-19 13:00,0.0,234.89387495779815,193.95934015693754,403.0215408542962,405.6381583221225,0.0,363.736430920785,416.34438304576145
,1994-01-19 14:00,0.0,82.83421118459404,0.0,337.9828630245405,0.0,0.0,337.7877670235464,344.5039879166867
,1994-01-19 15:00,0.0,0.0,0.0,196.0769360378048,0.0,0.0,0.0,0.0
,1994-01-19 16:00,0.0,0.0,0.0,118.81806352411029,0.0,0.0,0.0,0.0
,1994-01-19 17:00,0.0,0.0,0.0,0.0,0.0,0.0,0.0,0.0
,1994-01-19 18:00,0.0,0.0,0.0,0.0,0.0,0.0,0.0,0.0
,1994-01-19 19:00,0.0,0.0,0.0,0.0,0.0,0.0,0.0,0.0
,1994-01-19 20:00,0.0,0.0,0.0,0.0,0.0,0.0,0.0,0.0
,1994-01-19 21:00,0.0,0.0,0.0,0.0,0.0,0.0,0.0,0.0
,1994-01-19 22:00,0.0,0.0,0.0,0.0,0.0,0.0,0.0,0.0
,1994-01-19 23:00,0.0,0.0,0.0,0.0,0.0,0.0,0.0,0.0
,1994-01-20 00:00,0.0,0.0,0.0,0.0,0.0,0.0,0.0,0.0
,1994-01-20 01:00,0.0,0.0,0.0,0.0,0.0,0.0,0.0,0.0
,1994-01-20 02:00,0.0,0.0,0.0,0.0,0.0,0.0,0.0,0.0
,1994-01-20 03:00,0.0,0.0,0.0,0.0,0.0,0.0,0.0,0.0
,1994-01-20 04:00,0.0,0.0,0.0,0.0,0.0,0.0,0.0,0.0
,1994-01-20 05:00,0.0,0.0,0.0,0.0,0.0,0.0,0.0,0.0
,1994-01-20 06:00,0.0,0.0,0.0,0.0,0.0,0.0,0.0,0.0
,1994-01-20 07:00,0.0,0.0,0.0,0.0,0.0,0.0,0.0,0.0
,1994-01-20 08:00,274.88152909152205,260.29355047454806,349.23917425867484,0.0,318.8042082487272,0.0,0.0,0.0
,1994-01-20 09:00,462.46376277079935,410.93068994773336,514.1857479987272,96.42157315691875,519.5324257018444,0.0,0.0,0.0
,1994-01-20 10:00,559.5243834197333,468.1869080031865,547.266209499032,231.74065005795507,613.1494133168087,0.0,0.0,257.10998220688833
,1994-01-20 11:00,575.9049380260716,449.7307907106615,489.0578634452464,341.7017068435859,617.983971755746,712.5180796137477,229.97409250382844,365.25361089528013
,1994-01-20 12:00,518.3651343864288,367.6324734555723,363.6147363836793,404.2677426692044,544.9773762380236,0.0,325.1533554449479,423.43096877820665
,1994-01-20 13:00,0.0,237.9752106087749,196.24174470294184,407.0098148822145,408.8302603730469,0.0,367.5961564848876,420.243873271638
,1994-01-20 14:00,0.0,85.22622659730672,0.0,342.1200693203678,0.0,0.0,342.1451861490647,348.8416231454398
,1994-01-20 15:00,0.0,0.0,0.0,199.9758964511421,0.0,0.0,0.0,0.0
,1994-01-20 16:00,0.0,0.0,0.0,0.0,0.0,0.0,0.0,0.0
,1994-01-20 17:00,0.0,0.0,0.0,0.0,0.0,0.0,0.0,0.0
,1994-01-20 18:00,0.0,0.0,0.0,0.0,0.0,0.0,0.0,0.0
,1994-01-20 19:00,0.0,0.0,0.0,0.0,0.0,0.0,0.0,0.0
,1994-01-20 20:00,0.0,0.0,0.0,0.0,0.0,0.0,0.0,0.0
,1994-01-20 21:00,0.0,0.0,0.0,0.0,0.0,0.0,0.0,0.0
,1994-01-20 22:00,0.0,0.0,0.0,0.0,0.0,0.0,0.0,0.0
,1994-01-20 23:00,0.0,0.0,0.0,0.0,0.0,0.0,0.0,0.0
,1994-01-21 00:00,0.0,0.0,0.0,0.0,0.0,0.0,0.0,0.0
,1994-01-21 01:00,0.0,0.0,0.0,0.0,0.0,0.0,0.0,0.0
,1994-01-21 02:00,0.0,0.0,0.0,0.0,0.0,0.0,0.0,0.0
,1994-01-21 03:00,0.0,0.0,0.0,0.0,0.0,0.0,0.0,0.0
,1994-01-21 04:00,0.0,0.0,0.0,0.0,0.0,0.0,0.0,0.0
,1994-01-21 05:00,0.0,0.0,0.0,0.0,0.0,0.0,0.0,0.0
,1994-01-21 06:00,0.0,0.0,0.0,0.0,0.0,0.0,0.0,0.0
,1994-01-21 07:00,0.0,0.0,0.0,0.0,0.0,0.0,0.0,0.0
,1994-01-21 08:00,279.7714116279906,265.2379917764357,355.237456999254,0.0,324.19499598902905,0.0,0.0,0.0
,1994-01-21 09:00,466.35812231821194,414.90227250928893,518.1916586375157,98.73878145630275,523.4850812146861,0.0,0.0,0.0
,1994-01-21 10:00,563.0517993370219,471.7911130452537,550.497329021854,234.5276900821095,616.5677917270896,0.0,0.0,259.9397389891071
,1994-01-21 11:00,579.000848613912,452.9265829725957,491.660493617588,344.6000874156455,620.8691605949178,715.0338743694296,232.8883250456233,368.12897307696096
,1994-01-21 12:00,521.5770431032736,370.82207780441286,366.1243763080837,407.46032419784115,547.9544644941358,0.0,328.4513328297864,426.6619519772241
,1994-01-21 13:00,0.0,240.9845896860695,198.45811576234706,410.80365886657563,411.81378164039796,0.0,371.34148302791584,423.96762491903195
,1994-01-21 14:00,0.0,0.0,0.0,346.0751790000859,0.0,0.0,346.17478627595807,352.71547135532614
,1994-01-21 15:00,0.0,0.0,0.0,204.71082616511342,0.0,0.0,0.0,0.0
,1994-01-21 16:00,0.0,0.0,0.0,0.0,0.0,0.0,0.0,0.0
,1994-01-21 17:00,0.0,0.0,0.0,0.0,0.0,0.0,0.0,0.0
,1994-01-21 18:00,0.0,0.0,0.0,0.0,0.0,0.0,0.0,0.0
,1994-01-21 19:00,0.0,0.0,0.0,0.0,0.0,0.0,0.0,0.0
,1994-01-21 20:00,0.0,0.0,0.0,0.0,0.0,0.0,0.0,0.0
,1994-01-21 21:00,0.0,0.0,0.0,0.0,0.0,0.0,0.0,0.0
,1994-01-21 22:00,0.0,0.0,0.0,0.0,0.0,0.0,0.0,0.0
,1994-01-21 23:00,0.0,0.0,0.0,0.0,0.0,0.0,0.0,0.0
,1994-01-22 00:00,0.0,0.0,0.0,0.0,0.0,0.0,0.0,0.0
,1994-01-22 01:00,0.0,0.0,0.0,0.0,0.0,0.0,0.0,0.0
,1994-01-22 02:00,0.0,0.0,0.0,0.0,0.0,0.0,0.0,0.0
,1994-01-22 03:00,0.0,0.0,0.0,0.0,0.0,0.0,0.0,0.0
,1994-01-22 04:00,0.0,0.0,0.0,0.0,0.0,0.0,0.0,0.0
,1994-01-22 05:00,0.0,0.0,0.0,0.0,0.0,0.0,0.0,0.0
,1994-01-22 06:00,0.0,0.0,0.0,0.0,0.0,0.0,0.0,0.0
,1994-01-22 07:00,0.0,0.0,0.0,0.0,0.0,0.0,0.0,0.0
,1994-01-22 08:00,286.13185001968156,271.61278367084867,363.2651885453324,0.0,331.2961390393976,0.0,0.0,0.0
,1994-01-22 09:00,472.14258546927533,420.6055321761811,524.5234200013549,101.67515385661854,529.570636406676,0.0,0.0,0.0
,1994-01-22 10:00,568.0419884573764,476.6711273015733,555.3911324907303,238.40249717552638,621.6126183928316,0.0,0.0,263.8130371963844
,1994-01-22 11:00,583.2182976043564,457.05738753101514,495.4511276682688,348.90695033386197,624.9728718335085,719.0343608277492,236.39133378726189,372.27432590413036
,1994-01-22 12:00,525.3233090943879,374.4368480623546,369.1275918026952,411.86946816976655,551.4940342753031,0.0,332.18118682884034,430.7864619376372
,1994-01-22 13:00,0.0,244.0833943643771,200.77721067605418,415.0897774198184,414.87404008909317,0.0,375.2292150789532,428.07680888235694
,1994-01-22 14:00,0.0,0.0,0.0,350.67192832922734,236.75759885548464,0.0,350.57487508882906,357.174262878384
,1994-01-22 15:00,0.0,0.0,0.0,209.88412421132944,0.0,0.0,0.0,0.0
,1994-01-22 16:00,0.0,0.0,0.0,0.0,0.0,0.0,0.0,0.0
,1994-01-22 17:00,0.0,0.0,0.0,0.0,0.0,0.0,0.0,0.0
,1994-01-22 18:00,0.0,0.0,0.0,0.0,0.0,0.0,0.0,0.0
,1994-01-22 19:00,0.0,0.0,0.0,0.0,0.0,0.0,0.0,0.0
,1994-01-22 20:00,0.0,0.0,0.0,0.0,0.0,0.0,0.0,0.0
,1994-01-22 21:00,0.0,0.0,0.0,0.0,0.0,0.0,0.0,0.0
,1994-01-22 22:00,0.0,0.0,0.0,0.0,0.0,0.0,0.0,0.0
,1994-01-22 23:00,0.0,0.0,0.0,0.0,0.0,0.0,0.0,0.0
,1994-01-23 00:00,0.0,0.0,0.0,0.0,0.0,0.0,0.0,0.0
,1994-01-23 01:00,0.0,0.0,0.0,0.0,0.0,0.0,0.0,0.0
,1994-01-23 02:00,0.0,0.0,0.0,0.0,0.0,0.0,0.0,0.0
,1994-01-23 03:00,0.0,0.0,0.0,0.0,0.0,0.0,0.0,0.0
,1994-01-23 04:00,0.0,0.0,0.0,0.0,0.0,0.0,0.0,0.0
,1994-01-23 05:00,0.0,0.0,0.0,0.0,0.0,0.0,0.0,0.0
,1994-01-23 06:00,0.0,0.0,0.0,0.0,0.0,0.0,0.0,0.0
,1994-01-23 07:00,434.8228241900386,464.2434356173088,0.0,0.0,757.9693497531613,0.0,0.0,0.0
,1994-01-23 08:00,290.91632234249914,276.49980110365624,369.1603597615133,0.0,336.52808502204897,0.0,0.0,0.0
,1994-01-23 09:00,475.7885595082247,424.4089116985222,528.3445846156977,104.170554234239,533.2179171690847,0.0,0.0,0.0
,1994-01-23 10:00,571.2053904523266,480.0316159611982,558.3820118216595,241.4204770925593,624.6091194717591,0.0,0.0,266.7562339980107
,1994-01-23 11:00,586.2313002281973,460.25996975085667,498.11791892874345,352.2346858236833,627.7439600132714,721.4207557894355,239.40882438490007,375.47145129534476
,1994-01-23 12:00,528.2693759772917,377.5161362138001,371.57513315702226,415.2299097460391,554.1676454912955,0.0,335.45939059658605,434.1924509407295
,1994-01-23 13:00,0.0,246.98772842712594,202.89550620687086,418.1663095700062,417.5432858743618,0.0,378.7723075082449,431.4749318440499
,1994-01-23 14:00,0.0,92.44260034956726,0.0,354.0432267373891,239.14862669867583,0.0,354.35951262347197,360.69639670666714
,1994-01-23 15:00,0.0,0.0,0.0,214.26699247338837,0.0,0.0,0.0,0.0
,1994-01-23 16:00,0.0,0.0,0.0,1024.2441153110994,0.0,0.0,0.0,0.0
,1994-01-23 17:00,0.0,0.0,0.0,0.0,0.0,0.0,0.0,0.0
,1994-01-23 18:00,0.0,0.0,0.0,0.0,0.0,0.0,0.0,0.0
,1994-01-23 19:00,0.0,0.0,0.0,0.0,0.0,0.0,0.0,0.0
,1994-01-23 20:00,0.0,0.0,0.0,0.0,0.0,0.0,0.0,0.0
,1994-01-23 21:00,0.0,0.0,0.0,0.0,0.0,0.0,0.0,0.0
,1994-01-23 22:00,0.0,0.0,0.0,0.0,0.0,0.0,0.0,0.0
,1994-01-23 23:00,0.0,0.0,0.0,0.0,0.0,0.0,0.0,0.0
,1994-01-24 00:00,0.0,0.0,0.0,0.0,0.0,0.0,0.0,0.0
,1994-01-24 01:00,0.0,0.0,0.0,0.0,0.0,0.0,0.0,0.0
,1994-01-24 02:00,0.0,0.0,0.0,0.0,0.0,0.0,0.0,0.0
,1994-01-24 03:00,0.0,0.0,0.0,0.0,0.0,0.0,0.0,0.0
,1994-01-24 04:00,0.0,0.0,0.0,0.0,0.0,0.0,0.0,0.0
,1994-01-24 05:00,0.0,0.0,0.0,0.0,0.0,0.0,0.0,0.0
,1994-01-24 06:00,0.0,0.0,0.0,0.0,0.0,0.0,0.0,0.0
,1994-01-24 07:00,109.37616876336628,115.95618521349911,0.0,0.0,158.21886890813929,0.0,0.0,0.0
,1994-01-24 08:00,297.0736495897167,282.7085085588195,376.7665198580616,0.0,343.33801234119125,0.0,0.0,0.0
,1994-01-24 09:00,481.5739634581411,430.1348061114269,534.4484708801274,107.06895192176097,539.2447785353925,0.0,0.0,0.0
,1994-01-24 10:00,577.0486496906836,485.6686454188875,563.932888159027,245.26905834705147,630.5121290441289,0.0,0.0,270.8485916984045
,1994-01-24 11:00,592.3920405962305,465.9468520368861,503.3742260453081,356.7519675470325,633.8860060599017,727.6519224102005,0.0,380.38971461129
,1994-01-24 12:00,534.5014990699638,382.95818591364826,376.25081146265217,420.702055308615,560.2825757636547,0.0,340.8084537801083,439.93912591417103
,1994-01-24 13:00,0.0,251.65244833243145,206.46901793333046,424.8199282436646,423.10658204722796,0.0,384.96401100191497,438.05771338354367
,1994-01-24 14:00,0.0,95.60028667488345,0.0,360.66945126882297,243.37147958027663,0.0,360.8834450040413,367.3021965079952
,1994-01-24 15:00,0.0,0.0,0.0,219.87133056491408,0.0,0.0,0.0,0.0
,1994-01-24 16:00,0.0,0.0,0.0,152.79344090199788,0.0,0.0,0.0,0.0
,1994-01-24 17:00,0.0,0.0,0.0,0.0,0.0,0.0,0.0,0.0
,1994-01-24 18:00,0.0,0.0,0.0,0.0,0.0,0.0,0.0,0.0
,1994-01-24 19:00,0.0,0.0,0.0,0.0,0.0,0.0,0.0,0.0
,1994-01-24 20:00,0.0,0.0,0.0,0.0,0.0,0.0,0.0,0.0
,1994-01-24 21:00,0.0,0.0,0.0,0.0,0.0,0.0,0.0,0.0
,1994-01-24 22:00,0.0,0.0,0.0,0.0,0.0,0.0,0.0,0.0
,1994-01-24 23:00,0.0,0.0,0.0,0.0,0.0,0.0,0.0,0.0
,1994-01-25 00:00,0.0,0.0,0.0,0.0,0.0,0.0,0.0,0.0
,1994-01-25 01:00,0.0,0.0,0.0,0.0,0.0,0.0,0.0,0.0
,1994-01-25 02:00,0.0,0.0,0.0,0.0,0.0,0.0,0.0,0.0
,1994-01-25 03:00,0.0,0.0,0.0,0.0,0.0,0.0,0.0,0.0
,1994-01-25 04:00,0.0,0.0,0.0,0.0,0.0,0.0,0.0,0.0
,1994-01-25 05:00,0.0,0.0,0.0,0.0,0.0,0.0,0.0,0.0
,1994-01-25 06:00,0.0,0.0,0.0,0.0,0.0,0.0,0.0,0.0
,1994-01-25 07:00,65.9634430547087,69.34937942099411,0.0,0.0,86.67227113748841,0.0,0.0,0.0
,1994-01-25 08:00,302.7461967112612,288.4712029401515,383.72825670080266,0.0,349.562645989601,0.0,0.0,0.0
,1994-01-25 09:00,486.5099500636288,435.1269162827657,539.6676480225367,109.9479752157472,544.3080644577788,0.0,0.0,0.0
,1994-01-25 10:00,581.6246677894978,490.26472346306855,568.3018028812031,248.9008138298432,635.0244938234063,0.0,0.0,274.5269854904945
,1994-01-25 11:00,596.5198848317823,470.0771003924213,506.98257445655133,360.8020377660265,637.8235835436458,731.3327427318756,247.3561396747594,384.3362042519558
,1994-01-25 12:00,537.9681078779876,386.4592370285161,379.0488725365824,424.5783714457002,563.4806257855901,0.0,344.48331500178057,443.73519183316654
,1994-01-25 13:00,0.0,254.69107903880726,208.68593386153015,428.5899231329498,425.8479775148623,0.0,388.63554356004767,441.71833602133165
,1994-01-25 14:00,0.0,98.15583872410905,0.0,364.61635671582775,245.9225993217318,0.0,364.9309788962153,371.21361486262714
,1994-01-25 15:00,0.0,0.0,0.0,224.56747686975257,0.0,0.0,0.0,0.0
,1994-01-25 16:00,0.0,0.0,0.0,65.67911989817638,0.0,0.0,0.0,0.0
,1994-01-25 17:00,0.0,0.0,0.0,0.0,0.0,0.0,0.0,0.0
,1994-01-25 18:00,0.0,0.0,0.0,0.0,0.0,0.0,0.0,0.0
,1994-01-25 19:00,0.0,0.0,0.0,0.0,0.0,0.0,0.0,0.0
,1994-01-25 20:00,0.0,0.0,0.0,0.0,0.0,0.0,0.0,0.0
,1994-01-25 21:00,0.0,0.0,0.0,0.0,0.0,0.0,0.0,0.0
,1994-01-25 22:00,0.0,0.0,0.0,0.0,0.0,0.0,0.0,0.0
,1994-01-25 23:00,0.0,0.0,0.0,0.0,0.0,0.0,0.0,0.0
,1994-01-26 00:00,0.0,0.0,0.0,0.0,0.0,0.0,0.0,0.0
,1994-01-26 01:00,0.0,0.0,0.0,0.0,0.0,0.0,0.0,0.0
,1994-01-26 02:00,0.0,0.0,0.0,0.0,0.0,0.0,0.0,0.0
,1994-01-26 03:00,0.0,0.0,0.0,0.0,0.0,0.0,0.0,0.0
,1994-01-26 04:00,0.0,0.0,0.0,0.0,0.0,0.0,0.0,0.0
,1994-01-26 05:00,0.0,0.0,0.0,0.0,0.0,0.0,0.0,0.0
,1994-01-26 06:00,0.0,0.0,0.0,0.0,0.0,0.0,0.0,0.0
,1994-01-26 07:00,55.12551457214923,57.67101253610972,0.0,0.0,69.05397396132986,0.0,0.0,0.0
,1994-01-26 08:00,307.9143305241247,293.7453100863945,389.90205956507674,0.0,355.1899967360582,0.0,0.0,0.0
,1994-01-26 09:00,491.1878121630964,439.86182184668246,544.3645756319223,112.59964076537918,549.0743229013638,0.0,0.0,0.0
,1994-01-26 10:00,586.7220275135678,495.27570510576845,572.9463117837499,252.24883669943526,640.0958459460708,0.0,0.0,278.1504688962236
,1994-01-26 11:00,601.9670547218217,475.23191616527345,511.5341512260325,364.78543025558105,643.1700628379455,736.5193615513964,251.48914420119257,388.6960029768656
,1994-01-26 12:00,543.2064529718514,391.2374158128786,383.0142314185858,429.38743833386576,568.5353814441469,740.289956994704,349.26347993851954,448.68128792806493
,1994-01-26 13:00,0.0,258.5834809017401,211.5731529209418,433.3899719222199,430.0253528041841,0.0,393.61020016307805,446.57589239130584
,1994-01-26 14:00,0.0,100.97823668092543,0.0,369.4151308574505,249.06458943440754,0.0,369.8406983178725,375.7930877209133
,1994-01-26 15:00,0.0,0.0,0.0,229.08568945000408,0.0,0.0,0.0,0.0
,1994-01-26 16:00,0.0,0.0,0.0,45.12584741228672,0.0,0.0,0.0,0.0
,1994-01-26 17:00,0.0,0.0,0.0,0.0,0.0,0.0,0.0,0.0
,1994-01-26 18:00,0.0,0.0,0.0,0.0,0.0,0.0,0.0,0.0
,1994-01-26 19:00,0.0,0.0,0.0,0.0,0.0,0.0,0.0,0.0
,1994-01-26 20:00,0.0,0.0,0.0,0.0,0.0,0.0,0.0,0.0
,1994-01-26 21:00,0.0,0.0,0.0,0.0,0.0,0.0,0.0,0.0
,1994-01-26 22:00,0.0,0.0,0.0,0.0,0.0,0.0,0.0,0.0
,1994-01-26 23:00,0.0,0.0,0.0,0.0,0.0,0.0,0.0,0.0
,1994-01-27 00:00,0.0,0.0,0.0,0.0,0.0,0.0,0.0,0.0
,1994-01-27 01:00,0.0,0.0,0.0,0.0,0.0,0.0,0.0,0.0
,1994-01-27 02:00,0.0,0.0,0.0,0.0,0.0,0.0,0.0,0.0
,1994-01-27 03:00,0.0,0.0,0.0,0.0,0.0,0.0,0.0,0.0
,1994-01-27 04:00,0.0,0.0,0.0,0.0,0.0,0.0,0.0,0.0
,1994-01-27 05:00,0.0,0.0,0.0,0.0,0.0,0.0,0.0,0.0
,1994-01-27 06:00,0.0,0.0,0.0,0.0,0.0,0.0,0.0,0.0
,1994-01-27 07:00,52.80281586515078,55.11865047416916,0.0,0.0,64.53893936537271,0.0,0.0,0.0
,1994-01-27 08:00,313.6095319740563,299.55263293054537,396.8542668556976,0.0,361.4205349733527,0.0,0.0,0.0
,1994-01-27 09:00,495.73147487074584,444.52609340214036,549.1049743846293,115.38537732440132,553.6873605967123,0.0,0.0,0.0
,1994-01-27 10:00,590.333640469673,499.0866479144161,576.3429125585565,255.37255138140506,643.5477594273278,0.0,0.0,281.4021102021807
,1994-01-27 11:00,604.7429762516222,478.3349401677864,513.9956804887903,367.88496340897467,645.6484441371921,738.4849517379,254.64666951217612,391.813296391773
,1994-01-27 12:00,545.7490986049442,394.11885804607846,385.15479071473857,432.0655197911149,570.7455489929912,0.0,352.4301424700775,451.62460979742013
,1994-01-27 13:00,0.0,261.7540804866669,213.88906372563906,437.1526003882152,432.84448824957667,0.0,397.43232436476217,450.38684331811476
,1994-01-27 14:00,0.0,103.87729944573516,0.0,374.02323663190907,252.19749236885986,0.0,374.7688372994773,380.7159786758205
,1994-01-27 15:00,0.0,0.0,0.0,234.894913032769,0.0,0.0,0.0,0.0
,1994-01-27 16:00,0.0,0.0,0.0,39.190860876965715,0.0,0.0,0.0,0.0
,1994-01-27 17:00,0.0,0.0,0.0,0.0,0.0,0.0,0.0,0.0
,1994-01-27 18:00,0.0,0.0,0.0,0.0,0.0,0.0,0.0,0.0
,1994-01-27 19:00,0.0,0.0,0.0,0.0,0.0,0.0,0.0,0.0
,1994-01-27 20:00,0.0,0.0,0.0,0.0,0.0,0.0,0.0,0.0
,1994-01-27 21:00,0.0,0.0,0.0,0.0,0.0,0.0,0.0,0.0
,1994-01-27 22:00,0.0,0.0,0.0,0.0,0.0,0.0,0.0,0.0
,1994-01-27 23:00,0.0,0.0,0.0,0.0,0.0,0.0,0.0,0.0
,1994-01-28 00:00,0.0,0.0,0.0,0.0,0.0,0.0,0.0,0.0
,1994-01-28 01:00,0.0,0.0,0.0,0.0,0.0,0.0,0.0,0.0
,1994-01-28 02:00,0.0,0.0,0.0,0.0,0.0,0.0,0.0,0.0
,1994-01-28 03:00,0.0,0.0,0.0,0.0,0.0,0.0,0.0,0.0
,1994-01-28 04:00,0.0,0.0,0.0,0.0,0.0,0.0,0.0,0.0
,1994-01-28 05:00,0.0,0.0,0.0,0.0,0.0,0.0,0.0,0.0
,1994-01-28 06:00,0.0,0.0,0.0,0.0,0.0,0.0,0.0,0.0
,1994-01-28 07:00,54.19197530679961,56.53886916255178,0.0,0.0,65.36765309178594,0.0,0.0,0.0
,1994-01-28 08:00,320.9752938007376,307.0198130276001,406.0464307284965,0.0,369.5338351216689,272.505837137883,0.0,0.0
,1994-01-28 09:00,502.53317349780224,451.2700999657966,556.4215828272461,118.9895906934438,560.7688856414753,0.0,0.0,143.62977104615987
,1994-01-28 10:00,596.9798630136318,505.4850504964843,582.6369557683116,259.921422324959,650.2722044356925,0.0,0.0,286.085754395115
,1994-01-28 11:00,611.0855390498009,484.2589678166379,519.383358734974,373.30938193647677,651.9369681752912,744.7340834925949,259.30202502397077,397.0781163109855
,1994-01-28 12:00,551.3854522265215,399.247651801273,389.4316170305272,438.0431176290163,576.1884943725834,0.0,357.55260281305664,457.10881586080194
,1994-01-28 13:00,0.0,265.7993827614383,216.87905909046904,442.10901308675494,437.08546711075377,0.0,402.53559615686146,455.3944577763428
,1994-01-28 14:00,0.0,106.87719386733406,0.0,378.6443055792551,255.48999710893375,0.0,379.91163488858786,385.50535945210174
,1994-01-28 15:00,0.0,0.0,0.0,240.08584529345427,0.0,0.0,0.0,0.0
,1994-01-28 16:00,0.0,0.0,0.0,37.8729818589731,0.0,0.0,0.0,0.0
,1994-01-28 17:00,0.0,0.0,0.0,0.0,0.0,0.0,0.0,0.0
,1994-01-28 18:00,0.0,0.0,0.0,0.0,0.0,0.0,0.0,0.0
,1994-01-28 19:00,0.0,0.0,0.0,0.0,0.0,0.0,0.0,0.0
,1994-01-28 20:00,0.0,0.0,0.0,0.0,0.0,0.0,0.0,0.0
,1994-01-28 21:00,0.0,0.0,0.0,0.0,0.0,0.0,0.0,0.0
,1994-01-28 22:00,0.0,0.0,0.0,0.0,0.0,0.0,0.0,0.0
,1994-01-28 23:00,0.0,0.0,0.0,0.0,0.0,0.0,0.0,0.0
,1994-01-29 00:00,0.0,0.0,0.0,0.0,0.0,0.0,0.0,0.0
,1994-01-29 01:00,0.0,0.0,0.0,0.0,0.0,0.0,0.0,0.0
,1994-01-29 02:00,0.0,0.0,0.0,0.0,0.0,0.0,0.0,0.0
,1994-01-29 03:00,0.0,0.0,0.0,0.0,0.0,0.0,0.0,0.0
,1994-01-29 04:00,0.0,0.0,0.0,0.0,0.0,0.0,0.0,0.0
,1994-01-29 05:00,0.0,0.0,0.0,0.0,0.0,0.0,0.0,0.0
,1994-01-29 06:00,0.0,0.0,0.0,0.0,0.0,0.0,0.0,0.0
,1994-01-29 07:00,57.02125698871218,59.49748325882391,0.0,0.0,68.24568992284671,0.0,0.0,0.0
,1994-01-29 08:00,327.0853931528332,313.2452758979838,413.3575348248211,0.0,376.1955446491956,0.0,0.0,0.0
,1994-01-29 09:00,508.499529137416,457.24667932813435,562.6409370087879,122.16924037921929,566.9313124110055,0.0,0.0,147.05245797471153
,1994-01-29 10:00,602.5855856135065,511.0375146908478,587.948196358227,264.0588753432533,655.8453076623387,0.0,0.0,290.3539793337316
,1994-01-29 11:00,616.8397026375269,489.7742630614858,524.3495283283867,377.8916584017634,657.5569723131479,750.2329176203816,263.7922859941545,402.0432048057931
,1994-01-29 12:00,557.5911356635087,404.8541033754459,394.227668714157,443.5355381628411,582.2043047652378,754.5054165168738,363.1718813520612,463.19496945926807
,1994-01-29 13:00,0.0,270.72043793967885,220.62446228771677,448.55295827652293,442.65278462201456,0.0,408.9725544588087,462.12529022358433
,1994-01-29 14:00,0.0,110.32960218485711,0.0,385.0681184213081,259.70033844819187,0.0,386.4763643088031,392.0039193186901
,1994-01-29 15:00,0.0,0.0,0.0,246.3596750614507,0.0,0.0,0.0,0.0
,1994-01-29 16:00,0.0,0.0,0.0,39.00381668726639,0.0,0.0,0.0,0.0
,1994-01-29 17:00,0.0,0.0,0.0,0.0,0.0,0.0,0.0,0.0
,1994-01-29 18:00,0.0,0.0,0.0,0.0,0.0,0.0,0.0,0.0
,1994-01-29 19:00,0.0,0.0,0.0,0.0,0.0,0.0,0.0,0.0
,1994-01-29 20:00,0.0,0.0,0.0,0.0,0.0,0.0,0.0,0.0
,1994-01-29 21:00,0.0,0.0,0.0,0.0,0.0,0.0,0.0,0.0
,1994-01-29 22:00,0.0,0.0,0.0,0.0,0.0,0.0,0.0,0.0
,1994-01-29 23:00,0.0,0.0,0.0,0.0,0.0,0.0,0.0,0.0
,1994-01-30 00:00,0.0,0.0,0.0,0.0,0.0,0.0,0.0,0.0
,1994-01-30 01:00,0.0,0.0,0.0,0.0,0.0,0.0,0.0,0.0
,1994-01-30 02:00,0.0,0.0,0.0,0.0,0.0,0.0,0.0,0.0
,1994-01-30 03:00,0.0,0.0,0.0,0.0,0.0,0.0,0.0,0.0
,1994-01-30 04:00,0.0,0.0,0.0,0.0,0.0,0.0,0.0,0.0
,1994-01-30 05:00,0.0,0.0,0.0,0.0,0.0,0.0,0.0,0.0
,1994-01-30 06:00,0.0,0.0,0.0,0.0,0.0,0.0,0.0,0.0
,1994-01-30 07:00,61.135497047284346,63.83880169307099,0.0,0.0,72.83456268802847,0.0,0.0,0.0
,1994-01-30 08:00,333.2817757073538,319.6304809374946,421.03627784008916,0.0,382.9145583620309,282.2319525676893,0.0,0.0
,1994-01-30 09:00,513.5368000064061,462.46217275556444,568.0520178069004,125.6035727373631,572.002798255041,0.0,0.0,150.49668401990075
,1994-01-30 10:00,607.9598436425131,516.4631266390909,593.2364065157365,268.72828369919716,661.1277132398781,0.0,0.0,294.9131657377897
,1994-01-30 11:00,621.6254023651219,494.5812729835794,528.6632199535659,382.85789799083034,662.1222052126251,754.565013152102,267.9640873664599,406.890475268554
,1994-01-30 12:00,561.730476775679,409.0043970117466,397.6107105232288,448.38585838760577,586.027494072228,758.2759508552173,367.48721208721565,467.8903202499562
,1994-01-30 13:00,0.0,274.3234724465596,223.29646318389103,453.4567914343116,445.97160126692665,0.0,413.3729468753239,466.7726958386952
,1994-01-30 14:00,0.0,113.36907140505238,0.0,390.41504077632766,262.79781577697617,0.0,391.4205834325491,397.07990399474386
,1994-01-30 15:00,0.0,0.0,0.0,252.19170468237286,0.0,0.0,0.0,0.0
,1994-01-30 16:00,0.0,0.0,0.0,41.46937338464008,0.0,0.0,0.0,0.0
,1994-01-30 17:00,0.0,0.0,0.0,0.0,0.0,0.0,0.0,0.0
,1994-01-30 18:00,0.0,0.0,0.0,0.0,0.0,0.0,0.0,0.0
,1994-01-30 19:00,0.0,0.0,0.0,0.0,0.0,0.0,0.0,0.0
,1994-01-30 20:00,0.0,0.0,0.0,0.0,0.0,0.0,0.0,0.0
,1994-01-30 21:00,0.0,0.0,0.0,0.0,0.0,0.0,0.0,0.0
,1994-01-30 22:00,0.0,0.0,0.0,0.0,0.0,0.0,0.0,0.0
,1994-01-30 23:00,0.0,0.0,0.0,0.0,0.0,0.0,0.0,0.0
,1994-01-31 00:00,0.0,0.0,0.0,0.0,0.0,0.0,0.0,0.0
,1994-01-31 01:00,0.0,0.0,0.0,0.0,0.0,0.0,0.0,0.0
,1994-01-31 02:00,0.0,0.0,0.0,0.0,0.0,0.0,0.0,0.0
,1994-01-31 03:00,0.0,0.0,0.0,0.0,0.0,0.0,0.0,0.0
,1994-01-31 04:00,0.0,0.0,0.0,0.0,0.0,0.0,0.0,0.0
,1994-01-31 05:00,0.0,0.0,0.0,0.0,0.0,0.0,0.0,0.0
,1994-01-31 06:00,0.0,0.0,0.0,0.0,0.0,0.0,0.0,0.0
,1994-01-31 07:00,66.01643166725977,69.00280713618808,0.0,0.0,78.42202049714707,0.0,0.0,0.0
,1994-01-31 08:00,339.596615867962,326.1232242405983,428.7155904405002,0.0,389.7559644249016,287.20239241700534,0.0,0.0
,1994-01-31 09:00,519.1580919469577,468.19913104923035,573.9843608652033,129.06763459600543,577.7216214361939,0.0,0.0,154.06045894431148
,1994-01-31 10:00,612.459051704304,521.1347973717187,597.5540945623371,272.75136495723626,665.4695271377134,0.0,0.0,298.9026176286792
,1994-01-31 11:00,625.945811999045,499.0235218019494,532.5034528536552,387.3844825630837,666.181818524338,758.2687165198234,0.0,411.29356235330107
,1994-01-31 12:00,565.7809637863329,413.0990584624825,400.9091199399694,452.9929672670921,589.7684078105028,761.9029480028847,371.8118669918538,472.41735113488477
,1994-01-31 13:00,0.0,277.9757273845081,225.99114764607344,458.09309233611845,449.3378052785618,0.0,417.8654435898954,471.3300173091412
,1994-01-31 14:00,0.0,116.39806901087859,0.0,395.22602729988364,265.77508196150006,0.0,396.16856713060554,401.7404421893057
,1994-01-31 15:00,0.0,0.0,0.0,257.79390840717264,0.0,0.0,0.0,0.0
,1994-01-31 16:00,0.0,0.0,0.0,44.71010919784557,0.0,0.0,0.0,0.0
,1994-01-31 17:00,0.0,0.0,0.0,0.0,0.0,0.0,0.0,0.0
,1994-01-31 18:00,0.0,0.0,0.0,0.0,0.0,0.0,0.0,0.0
,1994-01-31 19:00,0.0,0.0,0.0,0.0,0.0,0.0,0.0,0.0
,1994-01-31 20:00,0.0,0.0,0.0,0.0,0.0,0.0,0.0,0.0
,1994-01-31 21:00,0.0,0.0,0.0,0.0,0.0,0.0,0.0,0.0
,1994-01-31 22:00,0.0,0.0,0.0,0.0,0.0,0.0,0.0,0.0
,1994-01-31 23:00,0.0,0.0,0.0,0.0,0.0,0.0,0.0,0.0
,1994-02-01 00:00,0.0,0.0,0.0,0.0,0.0,0.0,0.0,0.0

